<?xml version="1.0" encoding="UTF-8"?>
<addon id="skin.arctic.zephyr.2.resurrection.mod" name="Arctic: Zephyr 2 - Resurrection" provider-name="jurialmunkey, pkscout, heppen" version="1.0.36">
    <requires>
        <import addon="xbmc.gui" version="5.17.0" />
        <import addon="script.skinshortcuts"/>
        <import addon="script.skinhelper" version="0.0.4" />
        <import addon="script.skinvariables" version="2.1.14" />
        <import addon="plugin.video.themoviedb.helper" version="5.4.8" />
        <import addon="resource.images.studios.white"/>
        <import addon="resource.images.moviegenreicons.transparent"/>
        <import addon="resource.images.weathericons.white"/>
        <import addon="resource.images.moviecountryicons.maps"/>
    </requires>
    <extension point="xbmc.gui.skin" debugging="false">
		<res width="1920" height="1080" aspect="16:9" default="true" folder="1080i" />
	</extension>
    <extension point="xbmc.addon.metadata">
        <news></news>
        
        <summary lang="en">Clean, minimal, elegant, simple, light.</summary>
        <summary lang="vi">Gọn gàng, tối giản, thanh lịch, đơn giản, nhẹ nhàng.</summary>

        <description lang="en">This is a light mod of Arctic Zephyr 2 by heppen. Arctic Zephyr 2 is a minimalistic skin created by jurialmunkey and moded to work with Kodi 19 Matrix by pkscout. The skin is designed to be simple so that the user can focus on their media content. In addition to the default light colour scheme, the skin also includes a number of darker variations.</description>
        <platform>all</platform>
        <license>Creative Commons Attribution Non-Commercial Share-Alike 4.0</license>
        <forum>https://forum.kodi.tv/showthread.php?tid=362941</forum>
        <source>https://github.com/DenDyGH/skin.arctic.zephyr.2.resurrection.mod</source>
        <assets>
            <icon>icon.png</icon>
            <fanart>fanart.jpg</fanart>
            <screenshot>resources/screenshot-01.jpg</screenshot>
            <screenshot>resources/screenshot-02.jpg</screenshot>
            <screenshot>resources/screenshot-03.jpg</screenshot>
            <screenshot>resources/screenshot-04.jpg</screenshot>
            <screenshot>resources/screenshot-05.jpg</screenshot>
            <screenshot>resources/screenshot-06.jpg</screenshot>
        </assets>
    </extension>
</addon>
