<?xml version="1.0" encoding="UTF-8" standalone="yes"?>
<addon id="plugin.video.fshare" name="Fshare" version="1.0.0" provider-name="kodivietnam">
    <requires>
        <import addon="xbmc.python" version="2.7.0"/>
        <import addon="script.module.requests" version="2.22.0"/>
        <import addon="script.module.simplejson" version="3.3.0"/>
    </requires>
    <extension point="xbmc.python.pluginsource" library="addon.py">
        <provides>video</provides>
    </extension>
    <extension point="xbmc.addon.metadata">
        <summary lang="en">Fshare Video Addon</summary>
        <description lang="en">Watch videos from Fshare.vn</description>
        <disclaimer lang="en">The developer of this addon does not host any content and is not responsible for the content accessed through this addon. Users are responsible for their own actions and compliance with applicable laws when using this addon.</disclaimer>
        <disclaimer lang="vi">Nhà phát triển của addon này không lưu trữ bất kỳ nội dung nào và không chịu trách nhiệm về nội dung được truy cập thông qua addon này. Người dùng chịu trách nhiệm về hành động của mình và việc tuân thủ các luật hiện hành khi sử dụng addon này.</disclaimer>
        <platform>all</platform>
        <assets>
            <icon>resources/media/logo.png</icon>
            <fanart>resources/media/fanart.png</fanart>
        </assets>
    </extension>
    <extension point="xbmc.service" library="service.py" start="login"/>
</addon>