<?xml version="1.0" encoding="UTF-8" standalone="yes"?>
<addon id="plugin.video.vietmediaF" name="VietmediaF" version="11.37.2" provider-name="xxVNxx">
    <requires>
    <import addon="xbmc.python" version="3.0.0"/>
    <import addon="script.module.six"/>
    <import addon="script.module.requests"/>
	<import addon="script.module.beautifulsoup4"/>
    </requires>
    <extension point="xbmc.python.pluginsource" library="default.py">
        <provides>video</provides>
    </extension>
	<extension point="xbmc.service" library="autorun.py"/>
	<extension point="xbmc.addon.metadata">
        <reuselanguageinvoker>true</reuselanguageinvoker>
        <summary lang="en">VietmediaF for Kodi 21</summary>
        <description lang="en">Vietmediaf is an addon that aggregates Fshare links shared on the Internet.</description>
        <description lang="vi">VietmediaF - Addon tổng hợp link fshare được chia sẻ trên Internet.</description>
        <disclaimer lang="en">
            Content is retrieved from the Internet and uploaded by users. VietmediaF is not responsible for the content displayed within the addon.
        </disclaimer>
        <disclaimer lang="vi">Nội dung lấy trên mạng và do người dùng tự upload lên. VietmediaF không chịu trách nhiệm về nội dung hiển thị bên trong addon.
        </disclaimer>
        <platform>all</platform>
        <assets>
            <icon>icon.png</icon>
        </assets>
    </extension>
</addon>
