<?xml version="1.0" encoding="UTF-8"?>
<!-- Foundation -->
<window id="2">
    <defaultcontrol always="true">500</defaultcontrol>
    <menucontrol>300</menucontrol>
    <views>525,500,501,502,504,503,51,510,517,511,512,513,514,515,52,520,521,53,540,541</views>
    <onload>RunScript(script.skinvariables,action=buildviews)</onload>
    <controls>
        <include>Global_Background</include>
        <include>Topbar</include>
        <control type="group">
            <visible allowhiddenfocus="true">!$EXP[Exp_ShowPlotOverlay]</visible>
            <include>Animation_FadeInOut</include>
            <include>View_525_Showcase_Flix</include>
            <include>View_500_List_Square</include>
            <include>View_501_List_MediaInfo</include>
            <include>View_502_List_MediaInfo_Extended</include>
            <include>View_503_List_Banners</include>
            <include>View_504_List_TriPanel</include>
            <include>View_51_Wall</include>
            <include>View_510_Wall_Square</include>
            <include>View_517_Wall_Square2</include>
            <include>View_511_Wall_Landscape</include>
            <include>View_512_Wall_Icons</include>
            <include>View_513_Wall_Circle</include>
            <include>View_514_Wall_Info</include>
            <include>View_515_Wall_Landscape_Small</include>
            <include>View_52_Showcase</include>
            <include>View_520_Showcase_Square</include>
            <include>View_521_Showcase_Landscape</include>
            <include>View_53_Poster</include>
            <include>View_540_List_ROM_Info</include>
            <include>View_541_Wall_Info</include>
        </control>

        <control type="list" id="300">
            <ondown>500</ondown>
            <include>Topbar_Menu_Layout</include>
            <include>Items_View</include>
        </control>
        <include>Defs_Options_StandardButtons</include>
    </controls>

</window>
