<?xml version="1.0" encoding="UTF-8"?>
<window>
    <controls>
        <control type="group">
            <top>view_top</top>
            <height>640</height>
            <left>160</left>
            <right>160</right>
            <control type="group">
                <top>-10</top>
                <bottom>10</bottom>
                <!-- ** Required ** Do not change <id> or <type> (Lyrics, will autoscroll if lrc based lyrics are shown) -->
                <control type="list" id="110">
                    <scrolltime>200</scrolltime>
                    <itemlayout height="80">
                        <control type="label">
                            <left>240</left>
                            <right>240</right>
                            <font>font_title_small</font>
                            <aligny>center</aligny>
                            <align>center</align>
                            <textcolor>panel_fg_30</textcolor>
                            <label>$INFO[ListItem.Label]</label>
                            <visible>Window.IsVisible(DialogSeekBar.xml)</visible>
                        </control>
                        <control type="label">
                            <left>240</left>
                            <right>240</right>
                            <font>font_title_small</font>
                            <aligny>center</aligny>
                            <align>center</align>
                            <textcolor>panel_fg_30</textcolor>
                            <label>$INFO[ListItem.Label]</label>
                            <visible>!Window.IsVisible(DialogSeekBar.xml)</visible>
                        </control>
                    </itemlayout>
                    <focusedlayout height="240">
                        <control type="textbox">
                            <left>240</left>
                            <right>240</right>
                            <font>font_title_large</font>
                            <aligny>center</aligny>
                            <align>center</align>
                            <textcolor>panel_fg_100</textcolor>
                            <label>$INFO[ListItem.Label]</label>
                            <animation effect="fade" start="0" end="100" delay="0" time="1000" tween="sine" easing="out" reversible="false">Focus</animation>
                            <visible>Window.IsVisible(DialogSeekBar.xml)</visible>
                        </control>
                        <control type="textbox">
                            <left>240</left>
                            <right>240</right>
                            <font>font_title_large</font>
                            <aligny>center</aligny>
                            <align>center</align>
                            <textcolor>panel_fg_100</textcolor>
                            <label>$INFO[ListItem.Label]</label>
                            <animation effect="fade" start="0" end="100" delay="0" time="1000" tween="sine" easing="out" reversible="false">Focus</animation>
                            <visible>!Window.IsVisible(DialogSeekBar.xml)</visible>
                        </control>
                    </focusedlayout>
                </control>
            </control>
        </control>

        <!-- ** Required ** Do not change <id> or <type> (name of the used scraper and optionally the number of found lyrics) -->
        <control type="label" id="200">
            <description>Scraper label</description>
            <visible>false</visible>
        </control>
    </controls>
</window>
