<?xml version="1.0" encoding="UTF-8"?>
<timers>
    <timer>
        <name>idle_spotlight_trailer</name>
        <start reset="true">[Skin.HasSetting(HomeMultiFlixView) + !Control.HasFocus(301) + Skin.HasSetting(global.showvideo) + Skin.HasSetting(global.playtrailerinbg) + Window.IsVisible(Home)] + !String.IsEmpty(Window(Home).Property(TMDbHelper.ListItem.Trailer))</start>
        <reset>![[Skin.HasSetting(HomeMultiFlixView) + !Control.HasFocus(301) + Skin.HasSetting(global.showvideo) + Skin.HasSetting(global.playtrailerinbg) + Window.IsVisible(Home) + !String.IsEmpty(Window(Home).Property(TMDbHelper.ListItem.Trailer))]] | !String.IsEqual(Window(Home).Property(AutoTrailer),Window(Home).Property(TMDbHelper.ListItem.Trailer)) | [Player.HasVideo + !String.IsEqual(Window(Home).Property(PlayTrailer),Player.FileNameAndPath)]</reset>
        <stop>![[Skin.HasSetting(HomeMultiFlixView) + !Control.HasFocus(301) + Skin.HasSetting(global.showvideo) + Skin.HasSetting(global.playtrailerinbg) + Window.IsVisible(Home) + !String.IsEmpty(Window(Home).Property(TMDbHelper.ListItem.Trailer))]] | !String.IsEqual(Window(Home).Property(AutoTrailer),Window(Home).Property(TMDbHelper.ListItem.Trailer)) | [Player.HasVideo + !String.IsEqual(Window(Home).Property(PlayTrailer),Player.FileNameAndPath)]</stop>
        <onstart>SetProperty(AutoTrailer,$ESCINFO[Window(Home).Property(TMDbHelper.ListItem.Trailer)],Home)</onstart>
        <onstart>SetProperty(AutoTrailerTitle,$ESCINFO[Window(Home).Property(TMDbHelper.ListItem.Title)],Home)</onstart>
        <onstop condition="Player.HasVideo + String.IsEqual(Window(Home).Property(PlayTrailer),Player.FileNameAndPath) + !Window.IsVisible(DialogVideoInfo.xml)">Action(Stop)</onstop>
        <onstop>ClearProperty(AutoTrailer,Home)</onstop>
        <onstop>ClearProperty(AutoTrailerTitle,Home)</onstop>
    </timer>

    <timer>
        <name>play_spotlight_trailer</name>
        <start reset="true">!Player.HasVideo + [[Integer.IsGreater(Skin.TimerElapsedSecs(idle_spotlight_trailer),Skin.String(trailer_delay)) + System.IdleTime(3)]]</start>
        <stop>![!Player.HasVideo + [[Integer.IsGreater(Skin.TimerElapsedSecs(idle_spotlight_trailer),Skin.String(trailer_delay)) + System.IdleTime(3)]]]</stop>
        <onstart condition="!String.IsEmpty(Window(Home).Property(TMDbHelper.ListItem.Trailer)) + !String.IsEqual(Window(Home).Property(PlayTrailer),Window(Home).Property(TMDbHelper.ListItem.Trailer))">SetProperty(PlayTrailer,$ESCINFO[Window(Home).Property(TMDbHelper.ListItem.Trailer)],Home)</onstart>
        <onstart condition="!String.IsEmpty(Window(Home).Property(TMDbHelper.ListItem.Trailer)) + !String.IsEqual(Window(Home).Property(PlayTrailer),Window(Home).Property(TMDbHelper.ListItem.Trailer))">PlayMedia($ESCINFO[Window(Home).Property(TMDbHelper.ListItem.Trailer)],1)</onstart>
    </timer>
</timers>
